Text,Image
lounes,./data/train/train_000001.png
camalayarane,./data/train/train_000002.png
roy,./data/train/train_000003.png
munch,./data/train/train_000004.png
pierre,./data/train/train_000005.png
alexandre,./data/train/train_000006.png
faivre,./data/train/train_000007.png
jules,./data/train/train_000008.png
sasaki,./data/train/train_000009.png
lauryne,./data/train/train_000010.png
cadio,./data/train/train_000011.png
coutet,./data/train/train_000012.png
gaillard,./data/train/train_000013.png
fanis,./data/train/train_000014.png
mari ael,./data/train/train_000015.png
lamarre,./data/train/train_000016.png
dirsheal,./data/train/train_000017.png
louise,./data/train/train_000018.png
boucherit,./data/train/train_000019.png
bertille,./data/train/train_000020.png
gruselle babel,./data/train/train_000021.png
alix,./data/train/train_000022.png
martin,./data/train/train_000023.png
cuennet,./data/train/train_000024.png
te,./data/train/train_000025.png
leandre,./data/train/train_000026.png
juliette,./data/train/train_000027.png
demonchy,./data/train/train_000028.png
mora,./data/train/train_000029.png
ougier padovan,./data/train/train_000030.png
le pargneux,./data/train/train_000031.png
herman,./data/train/train_000032.png
margaux,./data/train/train_000033.png
rajaa,./data/train/train_000034.png
nn,./data/train/train_000035.png
benjamin,./data/train/train_000036.png
gilbert,./data/train/train_000037.png
tjkemba,./data/train/train_000038.png
clemence,./data/train/train_000039.png
gerard,./data/train/train_000040.png
baptiste,./data/train/train_000041.png
yapi,./data/train/train_000042.png
bardaine,./data/train/train_000043.png
norel,./data/train/train_000044.png
theo,./data/train/train_000045.png
bal,./data/train/train_000046.png
mikolajewski,./data/train/train_000047.png
zouari,./data/train/train_000048.png
ausset,./data/train/train_000049.png
yoni,./data/train/train_000050.png
matias,./data/train/train_000051.png
bastien,./data/train/train_000052.png
artinn,./data/train/train_000053.png
martins,./data/train/train_000054.png
bakrim,./data/train/train_000055.png
louis,./data/train/train_000056.png
flaget,./data/train/train_000057.png
brunet,./data/train/train_000058.png
charlene,./data/train/train_000059.png
giues,./data/train/train_000060.png
wch,./data/train/train_000061.png
bitschy bertrand,./data/train/train_000062.png
grenet,./data/train/train_000063.png
vincent,./data/train/train_000064.png
fralin,./data/train/train_000065.png
villon,./data/train/train_000066.png
vargis,./data/train/train_000067.png
jacod,./data/train/train_000068.png
clement,./data/train/train_000069.png
rebiere,./data/train/train_000070.png
valin,./data/train/train_000071.png
francois,./data/train/train_000072.png
antoine,./data/train/train_000073.png
gies,./data/train/train_000074.png
cavrois,./data/train/train_000075.png
lechevalier,./data/train/train_000076.png
coppiono,./data/train/train_000077.png
ines,./data/train/train_000078.png
elisa,./data/train/train_000079.png
perezdebustos,./data/train/train_000080.png
mathieu,./data/train/train_000081.png
dominic,./data/train/train_000082.png
balazoc ferigoule,./data/train/train_000083.png
cecile,./data/train/train_000084.png
bremard,./data/train/train_000085.png
soubi,./data/train/train_000086.png
eve,./data/train/train_000087.png
clarisse,./data/train/train_000088.png
lucie,./data/train/train_000089.png
mourton,./data/train/train_000090.png
lelia,./data/train/train_000091.png
paul,./data/train/train_000092.png
couteau,./data/train/train_000093.png
abbou,./data/train/train_000094.png
khalil,./data/train/train_000095.png
mayliss,./data/train/train_000096.png
valentin,./data/train/train_000097.png
pocques,./data/train/train_000098.png
donner,./data/train/train_000099.png
pinheiro jordao,./data/train/train_000100.png
aumage,./data/train/train_000101.png
geoffrey,./data/train/train_000102.png
aurore,./data/train/train_000103.png
sid ahmed,./data/train/train_000104.png
monnereau,./data/train/train_000105.png
debourse,./data/train/train_000106.png
desire,./data/train/train_000107.png
coupeou,./data/train/train_000108.png
devauchelle,./data/train/train_000109.png
myriam,./data/train/train_000110.png
florent,./data/train/train_000111.png
mael,./data/train/train_000112.png
raphael,./data/train/train_000113.png
vais,./data/train/train_000114.png
houver,./data/train/train_000115.png
laura,./data/train/train_000116.png
ecisa,./data/train/train_000117.png
cascaut,./data/train/train_000118.png
margot,./data/train/train_000119.png
clara,./data/train/train_000120.png
carrasco,./data/train/train_000121.png
empty,./data/train/train_000122.png
duarte,./data/train/train_000123.png
oliveira,./data/train/train_000124.png
helquet,./data/train/train_000125.png
emma,./data/train/train_000126.png
inigo,./data/train/train_000127.png
percebois,./data/train/train_000128.png
nunescatarino,./data/train/train_000129.png
benamira,./data/train/train_000130.png
marie,./data/train/train_000131.png
maxence,./data/train/train_000132.png
manureva,./data/train/train_000133.png
mathys,./data/train/train_000134.png
bouvierduhamel,./data/train/train_000135.png
join,./data/train/train_000136.png
safrana,./data/train/train_000137.png
maylis,./data/train/train_000138.png
puigmal,./data/train/train_000139.png
negro,./data/train/train_000140.png
corentin,./data/train/train_000141.png
leo,./data/train/train_000142.png
durieux,./data/train/train_000143.png
oscar,./data/train/train_000144.png
roux,./data/train/train_000145.png
amel,./data/train/train_000146.png
ech charef,./data/train/train_000147.png
julie,./data/train/train_000148.png
gregory,./data/train/train_000149.png
eva,./data/train/train_000150.png
ariel,./data/train/train_000151.png
chanelle,./data/train/train_000152.png
lea,./data/train/train_000153.png
gonzalez,./data/train/train_000154.png
archak,./data/train/train_000155.png
valentine,./data/train/train_000156.png
lilou,./data/train/train_000157.png
gatti,./data/train/train_000158.png
gaetan,./data/train/train_000159.png
houti pasquier,./data/train/train_000160.png
verryser,./data/train/train_000161.png
tong,./data/train/train_000162.png
marotta,./data/train/train_000163.png
constant,./data/train/train_000164.png
masson,./data/train/train_000165.png
bresson,./data/train/train_000166.png
gaschet,./data/train/train_000167.png
tanguy,./data/train/train_000168.png
provenzano,./data/train/train_000169.png
bihan,./data/train/train_000170.png
baumaceui,./data/train/train_000171.png
roucou,./data/train/train_000172.png
gille,./data/train/train_000173.png
louisa,./data/train/train_000174.png
langlais,./data/train/train_000175.png
lepine,./data/train/train_000176.png
raffin,./data/train/train_000177.png
amaury,./data/train/train_000178.png
axel,./data/train/train_000179.png
pain,./data/train/train_000180.png
nour,./data/train/train_000181.png
laurine,./data/train/train_000182.png
guillemot,./data/train/train_000183.png
shana,./data/train/train_000184.png
gallens,./data/train/train_000185.png
elodie,./data/train/train_000186.png
matteo,./data/train/train_000187.png
oumou,./data/train/train_000188.png
zachary,./data/train/train_000189.png
dessertenne,./data/train/train_000190.png
mathis,./data/train/train_000191.png
nollet,./data/train/train_000192.png
ratle,./data/train/train_000193.png
le guennec,./data/train/train_000194.png
alisee,./data/train/train_000195.png
daniel,./data/train/train_000196.png
landu huzinga,./data/train/train_000197.png
david,./data/train/train_000198.png
trioli,./data/train/train_000199.png
manavd,./data/train/train_000200.png
lillia,./data/train/train_000201.png
leia,./data/train/train_000202.png
barbier,./data/train/train_000203.png
alise,./data/train/train_000204.png
anis,./data/train/train_000205.png
laure,./data/train/train_000206.png
masid,./data/train/train_000207.png
lekervern,./data/train/train_000208.png
mendy,./data/train/train_000209.png
emillien,./data/train/train_000210.png
mae,./data/train/train_000211.png
aathe,./data/train/train_000212.png
lilas,./data/train/train_000213.png
rey,./data/train/train_000214.png
estelle,./data/train/train_000215.png
philouze,./data/train/train_000216.png
elayadi,./data/train/train_000217.png
chauveau,./data/train/train_000218.png
coline,./data/train/train_000219.png
giovanni,./data/train/train_000220.png
elise,./data/train/train_000221.png
melissa,./data/train/train_000222.png
morin,./data/train/train_000223.png
tom,./data/train/train_000224.png
fournillon,./data/train/train_000225.png
manal,./data/train/train_000226.png
graboski,./data/train/train_000227.png
delabrosse,./data/train/train_000228.png
gransagne,./data/train/train_000229.png
charp entier,./data/train/train_000230.png
brette,./data/train/train_000231.png
sasha,./data/train/train_000232.png
allan,./data/train/train_000233.png
ngampika,./data/train/train_000234.png
testu,./data/train/train_000235.png
toubeau,./data/train/train_000236.png
thibault,./data/train/train_000237.png
podevin,./data/train/train_000238.png
leroy,./data/train/train_000239.png
berger,./data/train/train_000240.png
chambellant,./data/train/train_000241.png
florequin,./data/train/train_000242.png
odo,./data/train/train_000243.png
cassandre,./data/train/train_000244.png
quentin,./data/train/train_000245.png
hoppe,./data/train/train_000246.png
zaidi,./data/train/train_000247.png
lapointe daniere,./data/train/train_000248.png
reynaul,./data/train/train_000249.png
rassou,./data/train/train_000250.png
gladys,./data/train/train_000251.png
oger,./data/train/train_000252.png
prevos,./data/train/train_000253.png
antonin,./data/train/train_000254.png
atsin,./data/train/train_000255.png
viennet,./data/train/train_000256.png
maisane,./data/train/train_000257.png
malo,./data/train/train_000258.png
anais,./data/train/train_000259.png
camille,./data/train/train_000260.png
moser,./data/train/train_000261.png
yasraa,./data/train/train_000262.png
darnaolt,./data/train/train_000263.png
noutcha,./data/train/train_000264.png
sophia,./data/train/train_000265.png
bde couruille,./data/train/train_000266.png
caparros,./data/train/train_000267.png
justine,./data/train/train_000268.png
remi,./data/train/train_000269.png
combrouze,./data/train/train_000270.png
gage,./data/train/train_000271.png
julian,./data/train/train_000272.png
guilhem,./data/train/train_000273.png
payan,./data/train/train_000274.png
caillaud,./data/train/train_000275.png
assogbaagontinglo,./data/train/train_000276.png
guegan,./data/train/train_000277.png
habi,./data/train/train_000278.png
lesommer,./data/train/train_000279.png
ferdinand,./data/train/train_000280.png
hisan,./data/train/train_000281.png
bichitte,./data/train/train_000282.png
dipiazza,./data/train/train_000283.png
leger,./data/train/train_000284.png
dupont,./data/train/train_000285.png
clavel,./data/train/train_000286.png
couril,./data/train/train_000287.png
chemineau,./data/train/train_000288.png
geferadit,./data/train/train_000289.png
chloe,./data/train/train_000290.png
victoria,./data/train/train_000291.png
gazeau,./data/train/train_000292.png
sicard delage,./data/train/train_000293.png
gardahaut,./data/train/train_000294.png
lucas,./data/train/train_000295.png
mancaux,./data/train/train_000296.png
gilloteau,./data/train/train_000297.png
milo,./data/train/train_000298.png
noemie,./data/train/train_000299.png
daveiga,./data/train/train_000300.png
audrey,./data/train/train_000301.png
alysee,./data/train/train_000302.png
iklla,./data/train/train_000303.png
keruzoret,./data/train/train_000304.png
morel,./data/train/train_000305.png
alexis,./data/train/train_000306.png
clerjeault,./data/train/train_000307.png
benrejdal,./data/train/train_000308.png
hargot,./data/train/train_000309.png
jacquier,./data/train/train_000310.png
hombeline,./data/train/train_000311.png
mialane,./data/train/train_000312.png
loris,./data/train/train_000313.png
eugenie,./data/train/train_000314.png
marcao,./data/train/train_000315.png
schmidt,./data/train/train_000316.png
cecilia,./data/train/train_000317.png
florian,./data/train/train_000318.png
lebonnois,./data/train/train_000319.png
chapelars,./data/train/train_000320.png
maurine,./data/train/train_000321.png
hifideau,./data/train/train_000322.png
gidhoum,./data/train/train_000323.png
lila,./data/train/train_000324.png
andrea,./data/train/train_000325.png
fiona,./data/train/train_000326.png
celeste,./data/train/train_000327.png
leclerca,./data/train/train_000328.png
amaelle,./data/train/train_000329.png
nina,./data/train/train_000330.png
truffaut,./data/train/train_000331.png
falcon,./data/train/train_000332.png
roxane,./data/train/train_000333.png
anithia,./data/train/train_000334.png
fort,./data/train/train_000335.png
marcello,./data/train/train_000336.png
delas,./data/train/train_000337.png
doron,./data/train/train_000338.png
larcher mathis,./data/train/train_000339.png
averlant,./data/train/train_000340.png
jacques,./data/train/train_000341.png
thomas,./data/train/train_000342.png
limouzin,./data/train/train_000343.png
micheau,./data/train/train_000344.png
oceane,./data/train/train_000345.png
medioni,./data/train/train_000346.png
eliott,./data/train/train_000347.png
araud,./data/train/train_000348.png
lily,./data/train/train_000349.png
karolina,./data/train/train_000350.png
anthony,./data/train/train_000351.png
morisseau,./data/train/train_000352.png
maelle,./data/train/train_000353.png
beranger,./data/train/train_000354.png
confais,./data/train/train_000355.png
julien,./data/train/train_000356.png
lecomte,./data/train/train_000357.png
lou an,./data/train/train_000358.png
eljarrari,./data/train/train_000359.png
jalisse,./data/train/train_000360.png
manon,./data/train/train_000361.png
vanlierde,./data/train/train_000362.png
katia,./data/train/train_000363.png
marion,./data/train/train_000364.png
abid,./data/train/train_000365.png
langwost,./data/train/train_000366.png
paiwen,./data/train/train_000367.png
lenen,./data/train/train_000368.png
ambre,./data/train/train_000369.png
basteen,./data/train/train_000370.png
mounier,./data/train/train_000371.png
pauline,./data/train/train_000372.png
magnin,./data/train/train_000373.png
bonge,./data/train/train_000374.png
loukili,./data/train/train_000375.png
chanier,./data/train/train_000376.png
jupiette,./data/train/train_000377.png
pierre baptiste,./data/train/train_000378.png
sidney,./data/train/train_000379.png
roche,./data/train/train_000380.png
grassin,./data/train/train_000381.png
sezille grenet,./data/train/train_000382.png
chatel,./data/train/train_000383.png
cesar,./data/train/train_000384.png
campagne,./data/train/train_000385.png
cozac,./data/train/train_000386.png
samira,./data/train/train_000387.png
carneiro,./data/train/train_000388.png
pavret de la roc,./data/train/train_000389.png
doneche,./data/train/train_000390.png
steyaery,./data/train/train_000391.png
salvi del pino,./data/train/train_000392.png
angeline,./data/train/train_000393.png
brochet,./data/train/train_000394.png
chaignepain,./data/train/train_000395.png
juillard,./data/train/train_000396.png
prouteau,./data/train/train_000397.png
kervella,./data/train/train_000398.png
barbut,./data/train/train_000399.png
loucif,./data/train/train_000400.png
issartel,./data/train/train_000401.png
nadege,./data/train/train_000402.png
lukas,./data/train/train_000403.png
josselin,./data/train/train_000404.png
benzaim,./data/train/train_000405.png
poideuin,./data/train/train_000406.png
simon,./data/train/train_000407.png
doumeno rapissat,./data/train/train_000408.png
romy,./data/train/train_000409.png
cerutti,./data/train/train_000410.png
chariti,./data/train/train_000411.png
garance,./data/train/train_000412.png
celine,./data/train/train_000413.png
lisa,./data/train/train_000414.png
naoki,./data/train/train_000415.png
tiquard,./data/train/train_000416.png
fares,./data/train/train_000417.png
portier villatte,./data/train/train_000418.png
godere,./data/train/train_000419.png
aymerick,./data/train/train_000420.png
lilian,./data/train/train_000421.png
hery,./data/train/train_000422.png
lelot,./data/train/train_000423.png
ziyade,./data/train/train_000424.png
goilbert,./data/train/train_000425.png
traore,./data/train/train_000426.png
billy,./data/train/train_000427.png
aliotti,./data/train/train_000428.png
fournier,./data/train/train_000429.png
donovan,./data/train/train_000430.png
gaspard,./data/train/train_000431.png
akram,./data/train/train_000432.png
vercoutre,./data/train/train_000433.png
anne charlotte,./data/train/train_000434.png
wernert,./data/train/train_000435.png
thalamas,./data/train/train_000436.png
calderou,./data/train/train_000437.png
baloge,./data/train/train_000438.png
damian,./data/train/train_000439.png
renault,./data/train/train_000440.png
nicolas,./data/train/train_000441.png
piercy,./data/train/train_000442.png
daronnat,./data/train/train_000443.png
kylian,./data/train/train_000444.png
ulysse,./data/train/train_000445.png
gelas,./data/train/train_000446.png
malik,./data/train/train_000447.png
robinet,./data/train/train_000448.png
prim,./data/train/train_000449.png
tombarel,./data/train/train_000450.png
berry,./data/train/train_000451.png
russel,./data/train/train_000452.png
papazian,./data/train/train_000453.png
titouan,./data/train/train_000454.png
lefevre,./data/train/train_000455.png
luvangadio,./data/train/train_000456.png
jade,./data/train/train_000457.png
paccou,./data/train/train_000458.png
buchard,./data/train/train_000459.png
thea,./data/train/train_000460.png
chelhaoni,./data/train/train_000461.png
lentz,./data/train/train_000462.png
carrot,./data/train/train_000463.png
chaban cordier,./data/train/train_000464.png
oucroix,./data/train/train_000465.png
fiet,./data/train/train_000466.png
andy,./data/train/train_000467.png
reaenice,./data/train/train_000468.png
sena,./data/train/train_000469.png
kiry,./data/train/train_000470.png
enzo,./data/train/train_000471.png
jiang,./data/train/train_000472.png
marine,./data/train/train_000473.png
gmiza,./data/train/train_000474.png
iches,./data/train/train_000475.png
marina,./data/train/train_000476.png
poison,./data/train/train_000477.png
maika,./data/train/train_000478.png
el m hamedi,./data/train/train_000479.png
vibrac,./data/train/train_000480.png
peneau,./data/train/train_000481.png
guleu,./data/train/train_000482.png
santos,./data/train/train_000483.png
melanie,./data/train/train_000484.png
leleuchlastrucci,./data/train/train_000485.png
villalon,./data/train/train_000486.png
emmie,./data/train/train_000487.png
boudsocq,./data/train/train_000488.png
parrotta,./data/train/train_000489.png
tomas,./data/train/train_000490.png
mehdi,./data/train/train_000491.png
piat,./data/train/train_000492.png
duval,./data/train/train_000493.png
demir,./data/train/train_000494.png
lepers,./data/train/train_000495.png
alex,./data/train/train_000496.png
louison,./data/train/train_000497.png
cantegril,./data/train/train_000498.png
horreaux,./data/train/train_000499.png
aliane,./data/train/train_000500.png
gherardi,./data/train/train_000501.png
besancon,./data/train/train_000502.png
kowalczyk,./data/train/train_000503.png
belabassee,./data/train/train_000504.png
matahi,./data/train/train_000505.png
boulc h,./data/train/train_000506.png
aberall,./data/train/train_000507.png
bianca,./data/train/train_000508.png
daurelle,./data/train/train_000509.png
malena,./data/train/train_000510.png
adl zarrabi,./data/train/train_000511.png
eric,./data/train/train_000512.png
driouche,./data/train/train_000513.png
beslay nardi,./data/train/train_000514.png
mohamed,./data/train/train_000515.png
hugo,./data/train/train_000516.png
pinard,./data/train/train_000517.png
iheyb,./data/train/train_000518.png
autin,./data/train/train_000519.png
bourson,./data/train/train_000520.png
soucnet,./data/train/train_000521.png
schmitt,./data/train/train_000522.png
xavier,./data/train/train_000523.png
yohann,./data/train/train_000524.png
teva,./data/train/train_000525.png
rocl,./data/train/train_000526.png
arnaud,./data/train/train_000527.png
zylbersztejn,./data/train/train_000528.png
boisseau,./data/train/train_000529.png
decaudain,./data/train/train_000530.png
marjorie,./data/train/train_000531.png
romain,./data/train/train_000532.png
danae,./data/train/train_000533.png
marie astrid,./data/train/train_000534.png
alexia,./data/train/train_000535.png
alice,./data/train/train_000536.png
lucyle,./data/train/train_000537.png
devert,./data/train/train_000538.png
yasmine,./data/train/train_000539.png
emilia,./data/train/train_000540.png
mailyse,./data/train/train_000541.png
gaelle,./data/train/train_000542.png
rouillon,./data/train/train_000543.png
de cocor,./data/train/train_000544.png
dachicourt,./data/train/train_000545.png
billet,./data/train/train_000546.png
habert,./data/train/train_000547.png
isaure,./data/train/train_000548.png
bluet,./data/train/train_000549.png
hind,./data/train/train_000550.png
magnier,./data/train/train_000551.png
gelie,./data/train/train_000552.png
sabbani,./data/train/train_000553.png
lopez,./data/train/train_000554.png
spiqufi,./data/train/train_000555.png
lauilhe,./data/train/train_000556.png
augustin,./data/train/train_000557.png
kevin,./data/train/train_000558.png
nicolleau,./data/train/train_000559.png
ziani,./data/train/train_000560.png
lacour,./data/train/train_000561.png
belhomme,./data/train/train_000562.png
barre,./data/train/train_000563.png
julia,./data/train/train_000564.png
dilara,./data/train/train_000565.png
laly,./data/train/train_000566.png
carru,./data/train/train_000567.png
genin,./data/train/train_000568.png
sophie,./data/train/train_000569.png
aksu,./data/train/train_000570.png
guichard schlick,./data/train/train_000571.png
yassir,./data/train/train_000572.png
amir,./data/train/train_000573.png
anenc,./data/train/train_000574.png
arifi fernandes,./data/train/train_000575.png
vela,./data/train/train_000576.png
sportelli,./data/train/train_000577.png
bouillot,./data/train/train_000578.png
kairounissa,./data/train/train_000579.png
magitteri,./data/train/train_000580.png
wainryb,./data/train/train_000581.png
amine,./data/train/train_000582.png
gannac,./data/train/train_000583.png
tardieu,./data/train/train_000584.png
richard,./data/train/train_000585.png
ella,./data/train/train_000586.png
potelle halory,./data/train/train_000587.png
grainer,./data/train/train_000588.png
arthur,./data/train/train_000589.png
gizem,./data/train/train_000590.png
lambert,./data/train/train_000591.png
sandrin henn,./data/train/train_000592.png
marchand,./data/train/train_000593.png
justin,./data/train/train_000594.png
colinet,./data/train/train_000595.png
marest,./data/train/train_000596.png
nathan,./data/train/train_000597.png
dhardemare,./data/train/train_000598.png
benoit,./data/train/train_000599.png
serfati,./data/train/train_000600.png
sarrey,./data/train/train_000601.png
cus,./data/train/train_000602.png
sana,./data/train/train_000603.png
mousse,./data/train/train_000604.png
etiene,./data/train/train_000605.png
lou,./data/train/train_000606.png
baillods,./data/train/train_000607.png
ursot,./data/train/train_000608.png
deboichet,./data/train/train_000609.png
meunier,./data/train/train_000610.png
arnoux,./data/train/train_000611.png
prevost,./data/train/train_000612.png
stefan,./data/train/train_000613.png
emilie,./data/train/train_000614.png
osoloko mazola,./data/train/train_000615.png
anovar,./data/train/train_000616.png
nunes,./data/train/train_000617.png
nelson,./data/train/train_000618.png
pellissier,./data/train/train_000619.png
odin,./data/train/train_000620.png
celle,./data/train/train_000621.png
delmet hucherot,./data/train/train_000622.png
gaillet mangenot,./data/train/train_000623.png
roxanne,./data/train/train_000624.png
leleu,./data/train/train_000625.png
descamps,./data/train/train_000626.png
anatole,./data/train/train_000627.png
soussec,./data/train/train_000628.png
romane,./data/train/train_000629.png
ninon,./data/train/train_000630.png
berthu,./data/train/train_000631.png
aknine,./data/train/train_000632.png
kartal,./data/train/train_000633.png
sirot,./data/train/train_000634.png
rouffei,./data/train/train_000635.png
sampasi vam,./data/train/train_000636.png
mace,./data/train/train_000637.png
mila,./data/train/train_000638.png
bouquillon,./data/train/train_000639.png
destailleur,./data/train/train_000640.png
iguaran,./data/train/train_000641.png
villeneuve,./data/train/train_000642.png
bonneau,./data/train/train_000643.png
griffon,./data/train/train_000644.png
kervil,./data/train/train_000645.png
duthoit,./data/train/train_000646.png
meyer,./data/train/train_000647.png
cocme,./data/train/train_000648.png
surault,./data/train/train_000649.png
irine,./data/train/train_000650.png
gitton,./data/train/train_000651.png
agere,./data/train/train_000652.png
lange,./data/train/train_000653.png
hangaro,./data/train/train_000654.png
leane,./data/train/train_000655.png
soquin,./data/train/train_000656.png
janssens,./data/train/train_000657.png
mathilde,./data/train/train_000658.png
bourdon,./data/train/train_000659.png
durand,./data/train/train_000660.png
morgaux,./data/train/train_000661.png
noa,./data/train/train_000662.png
mayiis,./data/train/train_000663.png
perrat,./data/train/train_000664.png
alves copigneaux,./data/train/train_000665.png
salome,./data/train/train_000666.png
oumehdi,./data/train/train_000667.png
abdel,./data/train/train_000668.png
bresch,./data/train/train_000669.png
youssoufa,./data/train/train_000670.png
belliot,./data/train/train_000671.png
luliette,./data/train/train_000672.png
catallo,./data/train/train_000673.png
ricard,./data/train/train_000674.png
harcilly,./data/train/train_000675.png
armand,./data/train/train_000676.png
lanzo,./data/train/train_000677.png
colson,./data/train/train_000678.png
toutouh,./data/train/train_000679.png
miege,./data/train/train_000680.png
sandoine,./data/train/train_000681.png
ilan,./data/train/train_000682.png
mathias,./data/train/train_000683.png
audeberi,./data/train/train_000684.png
tribout,./data/train/train_000685.png
lapougeas,./data/train/train_000686.png
florine,./data/train/train_000687.png
comette,./data/train/train_000688.png
faine jaudet,./data/train/train_000689.png
alisse,./data/train/train_000690.png
diane,./data/train/train_000691.png
bourmaud,./data/train/train_000692.png
zabila,./data/train/train_000693.png
gaboriau,./data/train/train_000694.png
van assel,./data/train/train_000695.png
lippens,./data/train/train_000696.png
pablo,./data/train/train_000697.png
lehmann,./data/train/train_000698.png
kilian,./data/train/train_000699.png
augustine,./data/train/train_000700.png
maeva,./data/train/train_000701.png
jaw,./data/train/train_000702.png
rico,./data/train/train_000703.png
bibard,./data/train/train_000704.png
brisseau,./data/train/train_000705.png
tome,./data/train/train_000706.png
carlotta,./data/train/train_000707.png
oel ahoupliere,./data/train/train_000708.png
lauf,./data/train/train_000709.png
neveux,./data/train/train_000710.png
victor,./data/train/train_000711.png
bis,./data/train/train_000712.png
gouin pion,./data/train/train_000713.png
mangean,./data/train/train_000714.png
haizea,./data/train/train_000715.png
adele,./data/train/train_000716.png
richter,./data/train/train_000717.png
schweitzer,./data/train/train_000718.png
lelievre,./data/train/train_000719.png
virgile,./data/train/train_000720.png
matisse,./data/train/train_000721.png
sagna,./data/train/train_000722.png
ulissia,./data/train/train_000723.png
aime,./data/train/train_000724.png
rahul,./data/train/train_000725.png
killian,./data/train/train_000726.png
illana,./data/train/train_000727.png
lylou,./data/train/train_000728.png
mabrouk,./data/train/train_000729.png
mahe,./data/train/train_000730.png
illi,./data/train/train_000731.png
basilig,./data/train/train_000732.png
hakoun,./data/train/train_000733.png
nino,./data/train/train_000734.png
kuntzmann,./data/train/train_000735.png
cazi,./data/train/train_000736.png
segonne,./data/train/train_000737.png
bassma,./data/train/train_000738.png
choquenet,./data/train/train_000739.png
deng,./data/train/train_000740.png
dabel,./data/train/train_000741.png
herve,./data/train/train_000742.png
garnier,./data/train/train_000743.png
girapdi,./data/train/train_000744.png
emeryck,./data/train/train_000745.png
darmon,./data/train/train_000746.png
clementine,./data/train/train_000747.png
erine,./data/train/train_000748.png
matabon,./data/train/train_000749.png
omari,./data/train/train_000750.png
coraline,./data/train/train_000751.png
lavignon,./data/train/train_000752.png
royston,./data/train/train_000753.png
sarah,./data/train/train_000754.png
ben boubaker,./data/train/train_000755.png
bernet,./data/train/train_000756.png
levy,./data/train/train_000757.png
haegel,./data/train/train_000758.png
brethous,./data/train/train_000759.png
fillon,./data/train/train_000760.png
karina,./data/train/train_000761.png
merlet,./data/train/train_000762.png
awen,./data/train/train_000763.png
raoul,./data/train/train_000764.png
carel,./data/train/train_000765.png
gust,./data/train/train_000766.png
dalalande,./data/train/train_000767.png
hamonic,./data/train/train_000768.png
lemaitre,./data/train/train_000769.png
atienza,./data/train/train_000770.png
lina,./data/train/train_000771.png
trincat,./data/train/train_000772.png
sixtine,./data/train/train_000773.png
flin,./data/train/train_000774.png
evan,./data/train/train_000775.png
vrigneau,./data/train/train_000776.png
lechantoux,./data/train/train_000777.png
ieanne,./data/train/train_000778.png
maxime,./data/train/train_000779.png
ittelet,./data/train/train_000780.png
armance,./data/train/train_000781.png
bache,./data/train/train_000782.png
page,./data/train/train_000783.png
cochard,./data/train/train_000784.png
bourbier,./data/train/train_000785.png
delobelle,./data/train/train_000786.png
nolan,./data/train/train_000787.png
godefroy,./data/train/train_000788.png
eneline,./data/train/train_000789.png
kim,./data/train/train_000790.png
cebrail,./data/train/train_000791.png
mousty,./data/train/train_000792.png
claude,./data/train/train_000793.png
brieuc,./data/train/train_000794.png
aziz,./data/train/train_000795.png
bec espitalier,./data/train/train_000796.png
calvet,./data/train/train_000797.png
analle,./data/train/train_000798.png
ronan,./data/train/train_000799.png
makhtouri,./data/train/train_000800.png
loane,./data/train/train_000801.png
dubroca,./data/train/train_000802.png
ponnau,./data/train/train_000803.png
caprino,./data/train/train_000804.png
celia,./data/train/train_000805.png
cousin,./data/train/train_000806.png
beaulair,./data/train/train_000807.png
samuel,./data/train/train_000808.png
verbecq,./data/train/train_000809.png
timothee,./data/train/train_000810.png
poisblaud,./data/train/train_000811.png
viaccoz,./data/train/train_000812.png
irene,./data/train/train_000813.png
webcr,./data/train/train_000814.png
mandier,./data/train/train_000815.png
aurelien,./data/train/train_000816.png
emilien,./data/train/train_000817.png
barbera,./data/train/train_000818.png
gourdin serveniere,./data/train/train_000819.png
vignon,./data/train/train_000820.png
jean,./data/train/train_000821.png
bruneau,./data/train/train_000822.png
gandon,./data/train/train_000823.png
relin,./data/train/train_000824.png
aurellien,./data/train/train_000825.png
toure,./data/train/train_000826.png
ilyas,./data/train/train_000827.png
carla mila,./data/train/train_000828.png
romagny,./data/train/train_000829.png
koceila,./data/train/train_000830.png
lalou,./data/train/train_000831.png
adelie,./data/train/train_000832.png
kerbrat,./data/train/train_000833.png
rineteau,./data/train/train_000834.png
claire,./data/train/train_000835.png
alfaro palma,./data/train/train_000836.png
bouny,./data/train/train_000837.png
seanne,./data/train/train_000838.png
fajilleau,./data/train/train_000839.png
lyack,./data/train/train_000840.png
reni,./data/train/train_000841.png
gaha,./data/train/train_000842.png
gendrin,./data/train/train_000843.png
galland,./data/train/train_000844.png
racault,./data/train/train_000845.png
taillefer,./data/train/train_000846.png
icca,./data/train/train_000847.png
lair,./data/train/train_000848.png
gindre,./data/train/train_000849.png
tyfene,./data/train/train_000850.png
mayron,./data/train/train_000851.png
coffinet,./data/train/train_000852.png
guillou,./data/train/train_000853.png
vickie,./data/train/train_000854.png
dafonsela,./data/train/train_000855.png
yanis,./data/train/train_000856.png
de riviere,./data/train/train_000857.png
buisse,./data/train/train_000858.png
alexane,./data/train/train_000859.png
constance,./data/train/train_000860.png
axelle,./data/train/train_000861.png
carla,./data/train/train_000862.png
dumort,./data/train/train_000863.png
balan,./data/train/train_000864.png
bouteleux,./data/train/train_000865.png
carniato,./data/train/train_000866.png
bovzidi,./data/train/train_000867.png
furlan,./data/train/train_000868.png
angela,./data/train/train_000869.png
chaynesse,./data/train/train_000870.png
unternahr,./data/train/train_000871.png
caron,./data/train/train_000872.png
briano,./data/train/train_000873.png
ikrame,./data/train/train_000874.png
morilleau,./data/train/train_000875.png
arnicka,./data/train/train_000876.png
thihaut,./data/train/train_000877.png
sara hayden,./data/train/train_000878.png
pfau,./data/train/train_000879.png
vidaud,./data/train/train_000880.png
grienenberger,./data/train/train_000881.png
mimaud,./data/train/train_000882.png
roussin,./data/train/train_000883.png
moret,./data/train/train_000884.png
oriane,./data/train/train_000885.png
aymeric,./data/train/train_000886.png
claeys,./data/train/train_000887.png
peron akil,./data/train/train_000888.png
bigeard,./data/train/train_000889.png
tomothee,./data/train/train_000890.png
vicocq,./data/train/train_000891.png
esposito,./data/train/train_000892.png
bouin,./data/train/train_000893.png
mossmann,./data/train/train_000894.png
damien,./data/train/train_000895.png
max,./data/train/train_000896.png
boroier,./data/train/train_000897.png
douay,./data/train/train_000898.png
mountaga,./data/train/train_000899.png
taquoicarvalho,./data/train/train_000900.png
cristini,./data/train/train_000901.png
lebreton becot,./data/train/train_000902.png
rezgui,./data/train/train_000903.png
blerina,./data/train/train_000904.png
dupre dorce,./data/train/train_000905.png
naccache,./data/train/train_000906.png
hermann,./data/train/train_000907.png
edgard,./data/train/train_000908.png
guerin,./data/train/train_000909.png
triponney,./data/train/train_000910.png
lascar,./data/train/train_000911.png
di ogo,./data/train/train_000912.png
kenzo,./data/train/train_000913.png
luise,./data/train/train_000914.png
elora,./data/train/train_000915.png
pineau,./data/train/train_000916.png
esther,./data/train/train_000917.png
thoreux,./data/train/train_000918.png
compain,./data/train/train_000919.png
gregoire,./data/train/train_000920.png
gueguen,./data/train/train_000921.png
forest,./data/train/train_000922.png
bonneau ribaton,./data/train/train_000923.png
ss,./data/train/train_000924.png
kenpf,./data/train/train_000925.png
olivier,./data/train/train_000926.png
stobiecki,./data/train/train_000927.png
donyphane,./data/train/train_000928.png
kentouri,./data/train/train_000929.png
massinissa,./data/train/train_000930.png
anne laurence,./data/train/train_000931.png
le floc h,./data/train/train_000932.png
bobee,./data/train/train_000933.png
kjidaa,./data/train/train_000934.png
clerbout,./data/train/train_000935.png
depriez,./data/train/train_000936.png
metayer,./data/train/train_000937.png
maquignon,./data/train/train_000938.png
coudoux,./data/train/train_000939.png
reboux,./data/train/train_000940.png
lise,./data/train/train_000941.png
keita,./data/train/train_000942.png
mandon,./data/train/train_000943.png
thouhyre,./data/train/train_000944.png
duhamel,./data/train/train_000945.png
bourgois,./data/train/train_000946.png
elvan,./data/train/train_000947.png
sacha,./data/train/train_000948.png
bass peressut,./data/train/train_000949.png
heruandez,./data/train/train_000950.png
mbuba oke wa lutere,./data/train/train_000951.png
blaise,./data/train/train_000952.png
henry,./data/train/train_000953.png
hocine,./data/train/train_000954.png
lettoli,./data/train/train_000955.png
benard,./data/train/train_000956.png
cuvelier,./data/train/train_000957.png
jorick,./data/train/train_000958.png
fauvel,./data/train/train_000959.png
gravouil,./data/train/train_000960.png
barrouillet,./data/train/train_000961.png
alois,./data/train/train_000962.png
vivan,./data/train/train_000963.png
diack,./data/train/train_000964.png
adel,./data/train/train_000965.png
angelique,./data/train/train_000966.png
ramsamy,./data/train/train_000967.png
cnockaert,./data/train/train_000968.png
nunez,./data/train/train_000969.png
lou ann,./data/train/train_000970.png
adrien,./data/train/train_000971.png
beydon,./data/train/train_000972.png
bournat,./data/train/train_000973.png
sarrazin,./data/train/train_000974.png
vitteaud,./data/train/train_000975.png
andjy,./data/train/train_000976.png
clerquin,./data/train/train_000977.png
jeanne,./data/train/train_000978.png
bieder,./data/train/train_000979.png
schlichter,./data/train/train_000980.png
lecacheur,./data/train/train_000981.png
sanchez,./data/train/train_000982.png
madah,./data/train/train_000983.png
moynqrd,./data/train/train_000984.png
apolline,./data/train/train_000985.png
bibi nangani,./data/train/train_000986.png
descotes,./data/train/train_000987.png
joseph,./data/train/train_000988.png
pflumio,./data/train/train_000989.png
perrine,./data/train/train_000990.png
axmeric,./data/train/train_000991.png
marianne,./data/train/train_000992.png
eugene,./data/train/train_000993.png
dessert,./data/train/train_000994.png
deboubert,./data/train/train_000995.png
johan,./data/train/train_000996.png
armenante,./data/train/train_000997.png
renault rolland,./data/train/train_000998.png
beauvisage,./data/train/train_000999.png
descoins,./data/train/train_001000.png
morgane,./data/train/train_001001.png
remy,./data/train/train_001002.png
smodis,./data/train/train_001003.png
sabelle,./data/train/train_001004.png
zoe,./data/train/train_001005.png
timothe,./data/train/train_001006.png
dimitri,./data/train/train_001007.png
sissoto,./data/train/train_001008.png
menmedrd luto,./data/train/train_001009.png
maia,./data/train/train_001010.png
paress,./data/train/train_001011.png
hue,./data/train/train_001012.png
dogan,./data/train/train_001013.png
desrumavx,./data/train/train_001014.png
elsa,./data/train/train_001015.png
titia,./data/train/train_001016.png
guiheneuf,./data/train/train_001017.png
sigilski,./data/train/train_001018.png
lana,./data/train/train_001019.png
sorsdoc,./data/train/train_001020.png
rahmouni,./data/train/train_001021.png
alloula,./data/train/train_001022.png
clastres,./data/train/train_001023.png
boyer,./data/train/train_001024.png
girard,./data/train/train_001025.png
chelsy,./data/train/train_001026.png
loizel,./data/train/train_001027.png
beylik,./data/train/train_001028.png
louna,./data/train/train_001029.png
hamrani,./data/train/train_001030.png
franceska,./data/train/train_001031.png
nguyen,./data/train/train_001032.png
zofia,./data/train/train_001033.png
andrade,./data/train/train_001034.png
floriax,./data/train/train_001035.png
ferreira,./data/train/train_001036.png
fatoumata,./data/train/train_001037.png
ledet,./data/train/train_001038.png
biscaut,./data/train/train_001039.png
alicia,./data/train/train_001040.png
henri,./data/train/train_001041.png
hattab,./data/train/train_001042.png
leblond,./data/train/train_001043.png
aitlaghrini,./data/train/train_001044.png
jean baptiste,./data/train/train_001045.png
tarik,./data/train/train_001046.png
fetis,./data/train/train_001047.png
ledorse,./data/train/train_001048.png
carpentier,./data/train/train_001049.png
sequin,./data/train/train_001050.png
naveos,./data/train/train_001051.png
bougerie,./data/train/train_001052.png
ellie,./data/train/train_001053.png
zacharie,./data/train/train_001054.png
marquet,./data/train/train_001055.png
ewan,./data/train/train_001056.png
kelly,./data/train/train_001057.png
bonici,./data/train/train_001058.png
gandeboeuf,./data/train/train_001059.png
perez,./data/train/train_001060.png
dorine,./data/train/train_001061.png
belabbas,./data/train/train_001062.png
fazer,./data/train/train_001063.png
rakotoarinia,./data/train/train_001064.png
ciann,./data/train/train_001065.png
fontaine,./data/train/train_001066.png
clain,./data/train/train_001067.png
sherine,./data/train/train_001068.png
le rouriay,./data/train/train_001069.png
mohamadi,./data/train/train_001070.png
ronain,./data/train/train_001071.png
oilara,./data/train/train_001072.png
loic,./data/train/train_001073.png
labbey,./data/train/train_001074.png
linda,./data/train/train_001075.png
cambon,./data/train/train_001076.png
fragnaud,./data/train/train_001077.png
eloi,./data/train/train_001078.png
ernoult,./data/train/train_001079.png
canova,./data/train/train_001080.png
messaoidene,./data/train/train_001081.png
lucille,./data/train/train_001082.png
agbodsan prince,./data/train/train_001083.png
lueis,./data/train/train_001084.png
alexandra,./data/train/train_001085.png
pitie,./data/train/train_001086.png
enilien,./data/train/train_001087.png
ahmed,./data/train/train_001088.png
ryan,./data/train/train_001089.png
montjaret,./data/train/train_001090.png
amelie,./data/train/train_001091.png
matthias,./data/train/train_001092.png
schultz,./data/train/train_001093.png
mignot,./data/train/train_001094.png
mahamatissa,./data/train/train_001095.png
kadour,./data/train/train_001096.png
rimbert,./data/train/train_001097.png
lola,./data/train/train_001098.png
drion,./data/train/train_001099.png
seguin,./data/train/train_001100.png
bilal,./data/train/train_001101.png
detoffol,./data/train/train_001102.png
majjad,./data/train/train_001103.png
dujardin,./data/train/train_001104.png
koko makalanza,./data/train/train_001105.png
thais,./data/train/train_001106.png
rigollet,./data/train/train_001107.png
rayer,./data/train/train_001108.png
ismail,./data/train/train_001109.png
guillod,./data/train/train_001110.png
charles,./data/train/train_001111.png
yaniss,./data/train/train_001112.png
galichon,./data/train/train_001113.png
zergoug,./data/train/train_001114.png
thohahes,./data/train/train_001115.png
remoue,./data/train/train_001116.png
peloille,./data/train/train_001117.png
piras,./data/train/train_001118.png
ilemin,./data/train/train_001119.png
matays,./data/train/train_001120.png
michel bunnens,./data/train/train_001121.png
victorien,./data/train/train_001122.png
eliot,./data/train/train_001123.png
blanc,./data/train/train_001124.png
clairay,./data/train/train_001125.png
benzitoune,./data/train/train_001126.png
mosca,./data/train/train_001127.png
alajarin,./data/train/train_001128.png
derxen,./data/train/train_001129.png
houmadi,./data/train/train_001130.png
emeline,./data/train/train_001131.png
isaac,./data/train/train_001132.png
vauquelin,./data/train/train_001133.png
ceccaldi,./data/train/train_001134.png
sannicolo,./data/train/train_001135.png
chareyre,./data/train/train_001136.png
lepage,./data/train/train_001137.png
vest,./data/train/train_001138.png
mereuze,./data/train/train_001139.png
bonnin,./data/train/train_001140.png
guillemette,./data/train/train_001141.png
ontelon,./data/train/train_001142.png
celiane,./data/train/train_001143.png
robert,./data/train/train_001144.png
gauthier,./data/train/train_001145.png
line,./data/train/train_001146.png
mepoc,./data/train/train_001147.png
sara,./data/train/train_001148.png
unreadable,./data/train/train_001149.png
barrot,./data/train/train_001150.png
meissa,./data/train/train_001151.png
bollea,./data/train/train_001152.png
margo,./data/train/train_001153.png
lachmany,./data/train/train_001154.png
mohammadi,./data/train/train_001155.png
marsaud philippon,./data/train/train_001156.png
yael,./data/train/train_001157.png
owen,./data/train/train_001158.png
trichet,./data/train/train_001159.png
guilbert,./data/train/train_001160.png
lydie,./data/train/train_001161.png
tristan,./data/train/train_001162.png
castagnol,./data/train/train_001163.png
enola,./data/train/train_001164.png
bauo,./data/train/train_001165.png
bour,./data/train/train_001166.png
leonie,./data/train/train_001167.png
cyrielle,./data/train/train_001168.png
tazhifi,./data/train/train_001169.png
jessika,./data/train/train_001170.png
chene,./data/train/train_001171.png
mateo,./data/train/train_001172.png
delcroix,./data/train/train_001173.png
amice,./data/train/train_001174.png
roux delagarde,./data/train/train_001175.png
enora,./data/train/train_001176.png
solene,./data/train/train_001177.png
galmiche cailliau,./data/train/train_001178.png
maiheo,./data/train/train_001179.png
fayolle,./data/train/train_001180.png
hortense,./data/train/train_001181.png
tia,./data/train/train_001182.png
ezequiel,./data/train/train_001183.png
herbreteau,./data/train/train_001184.png
cardinael,./data/train/train_001185.png
cirstina,./data/train/train_001186.png
element,./data/train/train_001187.png
grignoux,./data/train/train_001188.png
dubois,./data/train/train_001189.png
loz,./data/train/train_001190.png
anna,./data/train/train_001191.png
adriana,./data/train/train_001192.png
otylia,./data/train/train_001193.png
cordelette,./data/train/train_001194.png
bouchera,./data/train/train_001195.png
bezier,./data/train/train_001196.png
amizet,./data/train/train_001197.png
delaleau,./data/train/train_001198.png
noe,./data/train/train_001199.png
bostdecher,./data/train/train_001200.png
parnaud amy,./data/train/train_001201.png
eloise,./data/train/train_001202.png
leroi,./data/train/train_001203.png
sellai,./data/train/train_001204.png
bimitre,./data/train/train_001205.png
marvin,./data/train/train_001206.png
policastro,./data/train/train_001207.png
tassin,./data/train/train_001208.png
yendy,./data/train/train_001209.png
depippa,./data/train/train_001210.png
le gal,./data/train/train_001211.png
pehau,./data/train/train_001212.png
nora,./data/train/train_001213.png
vadon,./data/train/train_001214.png
lavail,./data/train/train_001215.png
flavio,./data/train/train_001216.png
evy,./data/train/train_001217.png
melissandre,./data/train/train_001218.png
laurain,./data/train/train_001219.png
sillard,./data/train/train_001220.png
berthelot,./data/train/train_001221.png
enguerrand,./data/train/train_001222.png
kiana,./data/train/train_001223.png
audureau,./data/train/train_001224.png
mestdag,./data/train/train_001225.png
savattez,./data/train/train_001226.png
alix theo,./data/train/train_001227.png
taskin,./data/train/train_001228.png
pala,./data/train/train_001229.png
jollien,./data/train/train_001230.png
sinem,./data/train/train_001231.png
lancereau,./data/train/train_001232.png
jonis,./data/train/train_001233.png
elaarrar,./data/train/train_001234.png
leriche,./data/train/train_001235.png
rebecca,./data/train/train_001236.png
maxenee,./data/train/train_001237.png
luna,./data/train/train_001238.png
legrand,./data/train/train_001239.png
lamidey,./data/train/train_001240.png
jegou,./data/train/train_001241.png
roblin,./data/train/train_001242.png
delauois,./data/train/train_001243.png
galahann,./data/train/train_001244.png
leguay,./data/train/train_001245.png
peyrin,./data/train/train_001246.png
matheo,./data/train/train_001247.png
mohamman,./data/train/train_001248.png
louse,./data/train/train_001249.png
huet,./data/train/train_001250.png
el mansori,./data/train/train_001251.png
feurtey,./data/train/train_001252.png
le boulch,./data/train/train_001253.png
desfontaines,./data/train/train_001254.png
weliann,./data/train/train_001255.png
duchon,./data/train/train_001256.png
aaron,./data/train/train_001257.png
josephine,./data/train/train_001258.png
leon,./data/train/train_001259.png
fauche,./data/train/train_001260.png
hoel,./data/train/train_001261.png
dufayet,./data/train/train_001262.png
berkat,./data/train/train_001263.png
jonah,./data/train/train_001264.png
tella,./data/train/train_001265.png
usselmann,./data/train/train_001266.png
anissa,./data/train/train_001267.png
marie salette,./data/train/train_001268.png
emra,./data/train/train_001269.png
salima,./data/train/train_001270.png
briant,./data/train/train_001271.png
paillat,./data/train/train_001272.png
lean,./data/train/train_001273.png
laurent,./data/train/train_001274.png
brodin,./data/train/train_001275.png
valiante,./data/train/train_001276.png
maximilien,./data/train/train_001277.png
jousset,./data/train/train_001278.png
aude,./data/train/train_001279.png
cormon,./data/train/train_001280.png
grange,./data/train/train_001281.png
petrovic,./data/train/train_001282.png
camus,./data/train/train_001283.png
etienne,./data/train/train_001284.png
labastie,./data/train/train_001285.png
gillaizeau tethro,./data/train/train_001286.png
nicollet,./data/train/train_001287.png
barry,./data/train/train_001288.png
mattis,./data/train/train_001289.png
yohan,./data/train/train_001290.png
celpa,./data/train/train_001291.png
ethan,./data/train/train_001292.png
abdeqemani,./data/train/train_001293.png
barbey,./data/train/train_001294.png
theana,./data/train/train_001295.png
domont,./data/train/train_001296.png
titaut,./data/train/train_001297.png
huang,./data/train/train_001298.png
limbourg,./data/train/train_001299.png
sau vage,./data/train/train_001300.png
lazzari,./data/train/train_001301.png
blanquet,./data/train/train_001302.png
lagarde,./data/train/train_001303.png
soulier,./data/train/train_001304.png
tahina,./data/train/train_001305.png
coralie,./data/train/train_001306.png
cahu,./data/train/train_001307.png
rayan,./data/train/train_001308.png
beinert,./data/train/train_001309.png
khiar,./data/train/train_001310.png
vernoux,./data/train/train_001311.png
le guillou,./data/train/train_001312.png
dallemagne,./data/train/train_001313.png
chat,./data/train/train_001314.png
de vuillefroy,./data/train/train_001315.png
manichino,./data/train/train_001316.png
karl,./data/train/train_001317.png
le brun,./data/train/train_001318.png
mellet,./data/train/train_001319.png
durocher,./data/train/train_001320.png
kamilia,./data/train/train_001321.png
clie,./data/train/train_001322.png
laurens,./data/train/train_001323.png
belhommedefranqu,./data/train/train_001324.png
paille,./data/train/train_001325.png
slimani,./data/train/train_001326.png
fiocconi,./data/train/train_001327.png
lelieure,./data/train/train_001328.png
damman,./data/train/train_001329.png
capucine,./data/train/train_001330.png
delaunnay,./data/train/train_001331.png
ahine,./data/train/train_001332.png
esteban,./data/train/train_001333.png
garcon,./data/train/train_001334.png
liam,./data/train/train_001335.png
nonnarath,./data/train/train_001336.png
belleteste,./data/train/train_001337.png
diana,./data/train/train_001338.png
podsiadly,./data/train/train_001339.png
degrenand loiodice,./data/train/train_001340.png
hanon,./data/train/train_001341.png
laudspurg,./data/train/train_001342.png
sacas perez,./data/train/train_001343.png
marght,./data/train/train_001344.png
belenfant,./data/train/train_001345.png
athenais,./data/train/train_001346.png
azzi,./data/train/train_001347.png
sorin,./data/train/train_001348.png
colin,./data/train/train_001349.png
chantelot,./data/train/train_001350.png
janinhirtz,./data/train/train_001351.png
louanne,./data/train/train_001352.png
wang,./data/train/train_001353.png
ficquet,./data/train/train_001354.png
basterreip,./data/train/train_001355.png
youssef,./data/train/train_001356.png
jaillet,./data/train/train_001357.png
engel,./data/train/train_001358.png
sauvanet,./data/train/train_001359.png
alya,./data/train/train_001360.png
ladron,./data/train/train_001361.png
lamaudiere,./data/train/train_001362.png
freitas,./data/train/train_001363.png
angelina,./data/train/train_001364.png
neto,./data/train/train_001365.png
matha,./data/train/train_001366.png
castel,./data/train/train_001367.png
trochet,./data/train/train_001368.png
khattabi,./data/train/train_001369.png
yieki,./data/train/train_001370.png
alanot,./data/train/train_001371.png
guirat,./data/train/train_001372.png
nignol,./data/train/train_001373.png
piales,./data/train/train_001374.png
gury,./data/train/train_001375.png
dupcan,./data/train/train_001376.png
fiorella,./data/train/train_001377.png
deroussin,./data/train/train_001378.png
chambert,./data/train/train_001379.png
tiphaine,./data/train/train_001380.png
amandine,./data/train/train_001381.png
zopani,./data/train/train_001382.png
faras,./data/train/train_001383.png
harine,./data/train/train_001384.png
robin,./data/train/train_001385.png
coneja,./data/train/train_001386.png
bouhaddou,./data/train/train_001387.png
ligavon,./data/train/train_001388.png
lucile,./data/train/train_001389.png
nucci,./data/train/train_001390.png
ben amor,./data/train/train_001391.png
caluet,./data/train/train_001392.png
stephane,./data/train/train_001393.png
mercier,./data/train/train_001394.png
davy,./data/train/train_001395.png
tarrin,./data/train/train_001396.png
haurin,./data/train/train_001397.png
creteur,./data/train/train_001398.png
devic,./data/train/train_001399.png
ortiz,./data/train/train_001400.png
perruquon,./data/train/train_001401.png
khalfet,./data/train/train_001402.png
darafy,./data/train/train_001403.png
maylys,./data/train/train_001404.png
cotton,./data/train/train_001405.png
anats,./data/train/train_001406.png
testard,./data/train/train_001407.png
elcheikh,./data/train/train_001408.png
cottanoz,./data/train/train_001409.png
an san,./data/train/train_001410.png
ettora,./data/train/train_001411.png
melodie,./data/train/train_001412.png
ottinger,./data/train/train_001413.png
pochard,./data/train/train_001414.png
ozdemir,./data/train/train_001415.png
tracana,./data/train/train_001416.png
chenaud,./data/train/train_001417.png
barneto,./data/train/train_001418.png
moulin,./data/train/train_001419.png
idres,./data/train/train_001420.png
naomi,./data/train/train_001421.png
vocc,./data/train/train_001422.png
daquier,./data/train/train_001423.png
rodert,./data/train/train_001424.png
meisse,./data/train/train_001425.png
merzoug,./data/train/train_001426.png
gillorad,./data/train/train_001427.png
gozdowski,./data/train/train_001428.png
jolin,./data/train/train_001429.png
destaing,./data/train/train_001430.png
fransois,./data/train/train_001431.png
aesch,./data/train/train_001432.png
solomiya,./data/train/train_001433.png
tiago,./data/train/train_001434.png
amine saluatoae,./data/train/train_001435.png
alan,./data/train/train_001436.png
lahmadi,./data/train/train_001437.png
mickael,./data/train/train_001438.png
fremonoiere,./data/train/train_001439.png
daphue,./data/train/train_001440.png
darbon,./data/train/train_001441.png
adam,./data/train/train_001442.png
lena,./data/train/train_001443.png
tran,./data/train/train_001444.png
bendebiche,./data/train/train_001445.png
besson,./data/train/train_001446.png
pisteur,./data/train/train_001447.png
bertrand,./data/train/train_001448.png
stella,./data/train/train_001449.png
guilheh,./data/train/train_001450.png
romanobouaine,./data/train/train_001451.png
bossoreil,./data/train/train_001452.png
quitterie,./data/train/train_001453.png
mia,./data/train/train_001454.png
gabriel,./data/train/train_001455.png
leulier,./data/train/train_001456.png
abdesselam,./data/train/train_001457.png
sanguinet,./data/train/train_001458.png
fouchard,./data/train/train_001459.png
ounich,./data/train/train_001460.png
dunet,./data/train/train_001461.png
dypan,./data/train/train_001462.png
arrobio,./data/train/train_001463.png
cabrol,./data/train/train_001464.png
schneider,./data/train/train_001465.png
penelope,./data/train/train_001466.png
annegaelle,./data/train/train_001467.png
andrfa,./data/train/train_001468.png
renaud,./data/train/train_001469.png
hayrani,./data/train/train_001470.png
fallon,./data/train/train_001471.png
khachani,./data/train/train_001472.png
jacinthan,./data/train/train_001473.png
reine penelope,./data/train/train_001474.png
gallon,./data/train/train_001475.png
emile,./data/train/train_001476.png
rubeus,./data/train/train_001477.png
bernardin,./data/train/train_001478.png
dureux,./data/train/train_001479.png
marcon,./data/train/train_001480.png
jamet codina,./data/train/train_001481.png
berg,./data/train/train_001482.png
cosset,./data/train/train_001483.png
thalie,./data/train/train_001484.png
wothor,./data/train/train_001485.png
boubred,./data/train/train_001486.png
tarrago,./data/train/train_001487.png
mathe,./data/train/train_001488.png
ornella,./data/train/train_001489.png
postig,./data/train/train_001490.png
narimane,./data/train/train_001491.png
charlotte,./data/train/train_001492.png
legay,./data/train/train_001493.png
gallois,./data/train/train_001494.png
hague,./data/train/train_001495.png
eliza,./data/train/train_001496.png
sabin,./data/train/train_001497.png
bouttemy,./data/train/train_001498.png
storno,./data/train/train_001499.png
bandaranayake,./data/train/train_001500.png
giannone,./data/train/train_001501.png
boubazine,./data/train/train_001502.png
loeve,./data/train/train_001503.png
phomsoupha,./data/train/train_001504.png
moyez,./data/train/train_001505.png
tisserano,./data/train/train_001506.png
swan,./data/train/train_001507.png
vanpeene,./data/train/train_001508.png
piton,./data/train/train_001509.png
reitmeyer,./data/train/train_001510.png
massoulier,./data/train/train_001511.png
styoobie,./data/train/train_001512.png
riyan,./data/train/train_001513.png
candice,./data/train/train_001514.png
bonotto,./data/train/train_001515.png
bensamin,./data/train/train_001516.png
hamouda,./data/train/train_001517.png
lenny,./data/train/train_001518.png
depuille,./data/train/train_001519.png
cartiniere,./data/train/train_001520.png
cornu,./data/train/train_001521.png
gomes da cunha,./data/train/train_001522.png
zaccaroli,./data/train/train_001523.png
joaquim,./data/train/train_001524.png
theophile,./data/train/train_001525.png
benhaiiam,./data/train/train_001526.png
hanne,./data/train/train_001527.png
de hagalhaes,./data/train/train_001528.png
iris,./data/train/train_001529.png
assya,./data/train/train_001530.png
vit,./data/train/train_001531.png
bosson,./data/train/train_001532.png
perle,./data/train/train_001533.png
bringel,./data/train/train_001534.png
levault,./data/train/train_001535.png
louise clemence,./data/train/train_001536.png
duret,./data/train/train_001537.png
puitevin,./data/train/train_001538.png
nerimen,./data/train/train_001539.png
beziat,./data/train/train_001540.png
billonnet,./data/train/train_001541.png
kadiev,./data/train/train_001542.png
peres,./data/train/train_001543.png
lila marie,./data/train/train_001544.png
chablee,./data/train/train_001545.png
brehard,./data/train/train_001546.png
rungoat,./data/train/train_001547.png
cougny,./data/train/train_001548.png
melouka,./data/train/train_001549.png
vignes,./data/train/train_001550.png
desgardin,./data/train/train_001551.png
dusserre,./data/train/train_001552.png
xima,./data/train/train_001553.png
honeau,./data/train/train_001554.png
brulon,./data/train/train_001555.png
calvez,./data/train/train_001556.png
bordez,./data/train/train_001557.png
yanhaute,./data/train/train_001558.png
lavalette,./data/train/train_001559.png
dubios,./data/train/train_001560.png
serra da costa,./data/train/train_001561.png
perrin,./data/train/train_001562.png
belbecir,./data/train/train_001563.png
galeane,./data/train/train_001564.png
knezevic,./data/train/train_001565.png
mallaval francois,./data/train/train_001566.png
lynda,./data/train/train_001567.png
burban,./data/train/train_001568.png
beague,./data/train/train_001569.png
faligand,./data/train/train_001570.png
biron,./data/train/train_001571.png
camile,./data/train/train_001572.png
manuel,./data/train/train_001573.png
jaoe,./data/train/train_001574.png
loanne,./data/train/train_001575.png
kieran,./data/train/train_001576.png
vanbesslacre,./data/train/train_001577.png
tranbarger,./data/train/train_001578.png
esnaud,./data/train/train_001579.png
yann,./data/train/train_001580.png
ahel,./data/train/train_001581.png
safina,./data/train/train_001582.png
villaro,./data/train/train_001583.png
bilinda,./data/train/train_001584.png
gok,./data/train/train_001585.png
magner,./data/train/train_001586.png
arrighi,./data/train/train_001587.png
alysson,./data/train/train_001588.png
decubniere,./data/train/train_001589.png
ozkan,./data/train/train_001590.png
arhel,./data/train/train_001591.png
toudji,./data/train/train_001592.png
tennous,./data/train/train_001593.png
prat,./data/train/train_001594.png
ajaoun,./data/train/train_001595.png
marpaud,./data/train/train_001596.png
lenestour,./data/train/train_001597.png
milann,./data/train/train_001598.png
andurand,./data/train/train_001599.png
rosemay,./data/train/train_001600.png
judith,./data/train/train_001601.png
crochu,./data/train/train_001602.png
tran sammarcelli,./data/train/train_001603.png
deueza,./data/train/train_001604.png
vilatte,./data/train/train_001605.png
dagut,./data/train/train_001606.png
lelandris,./data/train/train_001607.png
rocheman,./data/train/train_001608.png
gones da silva,./data/train/train_001609.png
lasri,./data/train/train_001610.png
goutfer,./data/train/train_001611.png
silver,./data/train/train_001612.png
cantel,./data/train/train_001613.png
corgie,./data/train/train_001614.png
eng,./data/train/train_001615.png
leborgne,./data/train/train_001616.png
grall,./data/train/train_001617.png
nabil,./data/train/train_001618.png
cloe,./data/train/train_001619.png
pereira,./data/train/train_001620.png
elena,./data/train/train_001621.png
zoghlam,./data/train/train_001622.png
basile,./data/train/train_001623.png
alvin,./data/train/train_001624.png
liebart,./data/train/train_001625.png
haxence,./data/train/train_001626.png
karachenayas,./data/train/train_001627.png
blanche,./data/train/train_001628.png
yang,./data/train/train_001629.png
sanzey,./data/train/train_001630.png
jacquot,./data/train/train_001631.png
vetter,./data/train/train_001632.png
lya,./data/train/train_001633.png
el harrade,./data/train/train_001634.png
maurice,./data/train/train_001635.png
souliere,./data/train/train_001636.png
lepoutre,./data/train/train_001637.png
briet,./data/train/train_001638.png
balikci,./data/train/train_001639.png
chohel,./data/train/train_001640.png
brouty,./data/train/train_001641.png
mintec,./data/train/train_001642.png
deoieu,./data/train/train_001643.png
gueni,./data/train/train_001644.png
sibrac,./data/train/train_001645.png
lorenzo,./data/train/train_001646.png
witry,./data/train/train_001647.png
abdel karim,./data/train/train_001648.png
greneu,./data/train/train_001649.png
lenormand,./data/train/train_001650.png
dufau,./data/train/train_001651.png
lesars,./data/train/train_001652.png
lalie,./data/train/train_001653.png
chet,./data/train/train_001654.png
strassel,./data/train/train_001655.png
matrin,./data/train/train_001656.png
pelle pathe,./data/train/train_001657.png
nawel,./data/train/train_001658.png
wided,./data/train/train_001659.png
boursier,./data/train/train_001660.png
eleonore,./data/train/train_001661.png
sauvage,./data/train/train_001662.png
atta,./data/train/train_001663.png
derrien,./data/train/train_001664.png
erwan,./data/train/train_001665.png
cynthia,./data/train/train_001666.png
benedetti,./data/train/train_001667.png
elea,./data/train/train_001668.png
zelie,./data/train/train_001669.png
naelle,./data/train/train_001670.png
nebotochko,./data/train/train_001671.png
martinolli,./data/train/train_001672.png
mara,./data/train/train_001673.png
mary,./data/train/train_001674.png
flavien,./data/train/train_001675.png
febvay,./data/train/train_001676.png
lefebvre,./data/train/train_001677.png
bergougnoux,./data/train/train_001678.png
chauvin,./data/train/train_001679.png
tribouilloy,./data/train/train_001680.png
alban,./data/train/train_001681.png
sarah lila,./data/train/train_001682.png
tisseraud,./data/train/train_001683.png
oceanne,./data/train/train_001684.png
hurson,./data/train/train_001685.png
vandaele,./data/train/train_001686.png
breney,./data/train/train_001687.png
pourcelot,./data/train/train_001688.png
elie,./data/train/train_001689.png
bonnet,./data/train/train_001690.png
ismael,./data/train/train_001691.png
shanya,./data/train/train_001692.png
janning,./data/train/train_001693.png
tadrist,./data/train/train_001694.png
geordy,./data/train/train_001695.png
mirana,./data/train/train_001696.png
bergere,./data/train/train_001697.png
petit,./data/train/train_001698.png
benaied,./data/train/train_001699.png
paul antoine,./data/train/train_001700.png
weissenburger,./data/train/train_001701.png
tony,./data/train/train_001702.png
calvin,./data/train/train_001703.png
camelie,./data/train/train_001704.png
aubry,./data/train/train_001705.png
horizet,./data/train/train_001706.png
delhomme,./data/train/train_001707.png
diallo,./data/train/train_001708.png
clermidy,./data/train/train_001709.png
guerard,./data/train/train_001710.png
daunatghata,./data/train/train_001711.png
halo,./data/train/train_001712.png
victorri,./data/train/train_001713.png
grauso,./data/train/train_001714.png
de gavre,./data/train/train_001715.png
desoutter,./data/train/train_001716.png
torgopinto,./data/train/train_001717.png
qamauge,./data/train/train_001718.png
dinisance,./data/train/train_001719.png
matis,./data/train/train_001720.png
legout,./data/train/train_001721.png
bolon,./data/train/train_001722.png
jaunet,./data/train/train_001723.png
bouagoune,./data/train/train_001724.png
guennec,./data/train/train_001725.png
bo otet,./data/train/train_001726.png
marchal,./data/train/train_001727.png
defromerie,./data/train/train_001728.png
boinali,./data/train/train_001729.png
guvenot,./data/train/train_001730.png
de calonne,./data/train/train_001731.png
robert mesley,./data/train/train_001732.png
esteran,./data/train/train_001733.png
le gac,./data/train/train_001734.png
dubrunfaut,./data/train/train_001735.png
abdellaoui,./data/train/train_001736.png
anne laure,./data/train/train_001737.png
meric,./data/train/train_001738.png
andreani,./data/train/train_001739.png
abdelli,./data/train/train_001740.png
laleuw,./data/train/train_001741.png
berio,./data/train/train_001742.png
guembar,./data/train/train_001743.png
rocchia,./data/train/train_001744.png
meyssa,./data/train/train_001745.png
mendes,./data/train/train_001746.png
stalttt,./data/train/train_001747.png
tasmiran,./data/train/train_001748.png
ikram,./data/train/train_001749.png
provost,./data/train/train_001750.png
raphaelle,./data/train/train_001751.png
reynaud,./data/train/train_001752.png
liparalntier,./data/train/train_001753.png
berisson,./data/train/train_001754.png
giard,./data/train/train_001755.png
brodu,./data/train/train_001756.png
nihous,./data/train/train_001757.png
geneix,./data/train/train_001758.png
beerlandt,./data/train/train_001759.png
verdy,./data/train/train_001760.png
boschert,./data/train/train_001761.png
rouaud,./data/train/train_001762.png
honon,./data/train/train_001763.png
cordel,./data/train/train_001764.png
feiza,./data/train/train_001765.png
mota de freitas,./data/train/train_001766.png
nais,./data/train/train_001767.png
zamra,./data/train/train_001768.png
mattia,./data/train/train_001769.png
fluteau,./data/train/train_001770.png
fannie,./data/train/train_001771.png
branicki,./data/train/train_001772.png
verstraete,./data/train/train_001773.png
facon,./data/train/train_001774.png
le corre,./data/train/train_001775.png
bosra,./data/train/train_001776.png
bessonnet,./data/train/train_001777.png
yvan,./data/train/train_001778.png
elizabeth,./data/train/train_001779.png
alami,./data/train/train_001780.png
maati,./data/train/train_001781.png
steenhoute,./data/train/train_001782.png
samy,./data/train/train_001783.png
hamon,./data/train/train_001784.png
anaelle,./data/train/train_001785.png
carcione,./data/train/train_001786.png
fuentes,./data/train/train_001787.png
aauzac,./data/train/train_001788.png
bourgin,./data/train/train_001789.png
maissa,./data/train/train_001790.png
chatot,./data/train/train_001791.png
gabet,./data/train/train_001792.png
suarez,./data/train/train_001793.png
siqut,./data/train/train_001794.png
breguet,./data/train/train_001795.png
emmy,./data/train/train_001796.png
ducret,./data/train/train_001797.png
wazim,./data/train/train_001798.png
sanuel,./data/train/train_001799.png
tesson,./data/train/train_001800.png
nokhbi,./data/train/train_001801.png
ilena,./data/train/train_001802.png
jedele,./data/train/train_001803.png
tebani,./data/train/train_001804.png
piquion,./data/train/train_001805.png
mailys,./data/train/train_001806.png
rym,./data/train/train_001807.png
renan,./data/train/train_001808.png
luigi,./data/train/train_001809.png
riquet,./data/train/train_001810.png
tronchon,./data/train/train_001811.png
mirol,./data/train/train_001812.png
delriu,./data/train/train_001813.png
salem,./data/train/train_001814.png
agratina,./data/train/train_001815.png
moinat,./data/train/train_001816.png
davrishev,./data/train/train_001817.png
moufek,./data/train/train_001818.png
py,./data/train/train_001819.png
diaz,./data/train/train_001820.png
mattheo,./data/train/train_001821.png
sam,./data/train/train_001822.png
barbieri,./data/train/train_001823.png
rayen,./data/train/train_001824.png
andre,./data/train/train_001825.png
lomba,./data/train/train_001826.png
noah,./data/train/train_001827.png
allombert,./data/train/train_001828.png
crabeil,./data/train/train_001829.png
werner,./data/train/train_001830.png
kanabiyik,./data/train/train_001831.png
luukas,./data/train/train_001832.png
ligny,./data/train/train_001833.png
renauo,./data/train/train_001834.png
youssouf,./data/train/train_001835.png
delaceserie,./data/train/train_001836.png
macheron,./data/train/train_001837.png
baudet revy,./data/train/train_001838.png
peyraud,./data/train/train_001839.png
brahami,./data/train/train_001840.png
hoffbeck,./data/train/train_001841.png
dumol,./data/train/train_001842.png
gwladys,./data/train/train_001843.png
jacob,./data/train/train_001844.png
gehan,./data/train/train_001845.png
ledeun,./data/train/train_001846.png
parmenon,./data/train/train_001847.png
hardy,./data/train/train_001848.png
fitamant,./data/train/train_001849.png
andei,./data/train/train_001850.png
wailly pujos,./data/train/train_001851.png
longeon,./data/train/train_001852.png
paula,./data/train/train_001853.png
barthelemy,./data/train/train_001854.png
bereira,./data/train/train_001855.png
jary,./data/train/train_001856.png
jacqueminet,./data/train/train_001857.png
wenger,./data/train/train_001858.png
gradt,./data/train/train_001859.png
canille,./data/train/train_001860.png
haye,./data/train/train_001861.png
baret,./data/train/train_001862.png
eychenne,./data/train/train_001863.png
debulle,./data/train/train_001864.png
lecuyer,./data/train/train_001865.png
denechere,./data/train/train_001866.png
quoniam,./data/train/train_001867.png
sofyan,./data/train/train_001868.png
zito,./data/train/train_001869.png
guenana,./data/train/train_001870.png
guy,./data/train/train_001871.png
tilly,./data/train/train_001872.png
fahed,./data/train/train_001873.png
pavie,./data/train/train_001874.png
hugot,./data/train/train_001875.png
manoury,./data/train/train_001876.png
valle,./data/train/train_001877.png
copp,./data/train/train_001878.png
joliveau,./data/train/train_001879.png
boisard,./data/train/train_001880.png
ifguerneve,./data/train/train_001881.png
coupez,./data/train/train_001882.png
le,./data/train/train_001883.png
pol,./data/train/train_001884.png
garry,./data/train/train_001885.png
heloise,./data/train/train_001886.png
netto,./data/train/train_001887.png
jouny,./data/train/train_001888.png
ambroise,./data/train/train_001889.png
jeanjoseph,./data/train/train_001890.png
carrez,./data/train/train_001891.png
rochereau,./data/train/train_001892.png
ilyana,./data/train/train_001893.png
maeline,./data/train/train_001894.png
platel,./data/train/train_001895.png
erwann,./data/train/train_001896.png
nosayba,./data/train/train_001897.png
seng,./data/train/train_001898.png
delaby,./data/train/train_001899.png
meloise,./data/train/train_001900.png
bosetti,./data/train/train_001901.png
esmieu,./data/train/train_001902.png
gabin,./data/train/train_001903.png
baranger,./data/train/train_001904.png
degano,./data/train/train_001905.png
alienorlune,./data/train/train_001906.png
dimitry,./data/train/train_001907.png
vanderhaegen,./data/train/train_001908.png
terrade,./data/train/train_001909.png
parfum,./data/train/train_001910.png
durao,./data/train/train_001911.png
talbe,./data/train/train_001912.png
kharouba,./data/train/train_001913.png
lecluse,./data/train/train_001914.png
mano,./data/train/train_001915.png
harish,./data/train/train_001916.png
fanny,./data/train/train_001917.png
ribeiro,./data/train/train_001918.png
loonis,./data/train/train_001919.png
tapping,./data/train/train_001920.png
swanne,./data/train/train_001921.png
johanna,./data/train/train_001922.png
tess,./data/train/train_001923.png
anne,./data/train/train_001924.png
bourgeois,./data/train/train_001925.png
loisel,./data/train/train_001926.png
patricia,./data/train/train_001927.png
doha,./data/train/train_001928.png
brunex,./data/train/train_001929.png
elia,./data/train/train_001930.png
sdfsdf,./data/train/train_001931.png
johann,./data/train/train_001932.png
dorian,./data/train/train_001933.png
dedenon,./data/train/train_001934.png
yasmina,./data/train/train_001935.png
charnasson,./data/train/train_001936.png
imed,./data/train/train_001937.png
nguyen angelot,./data/train/train_001938.png
enguerano,./data/train/train_001939.png
mokhtari,./data/train/train_001940.png
venzeveren,./data/train/train_001941.png
kenza,./data/train/train_001942.png
dumas,./data/train/train_001943.png
briac,./data/train/train_001944.png
schabrina,./data/train/train_001945.png
yaelle,./data/train/train_001946.png
yasser,./data/train/train_001947.png
mence,./data/train/train_001948.png
pokalsky,./data/train/train_001949.png
delmoure,./data/train/train_001950.png
rafael,./data/train/train_001951.png
diarry,./data/train/train_001952.png
lea jeanne,./data/train/train_001953.png
bouthors,./data/train/train_001954.png
chikhi,./data/train/train_001955.png
le merrer,./data/train/train_001956.png
anastasia,./data/train/train_001957.png
nelia,./data/train/train_001958.png
mody,./data/train/train_001959.png
mai,./data/train/train_001960.png
saby,./data/train/train_001961.png
michaud hynonnet,./data/train/train_001962.png
gasset,./data/train/train_001963.png
jeremy,./data/train/train_001964.png
encarnacro,./data/train/train_001965.png
noe rose,./data/train/train_001966.png
moron,./data/train/train_001967.png
perieras,./data/train/train_001968.png
tottoli,./data/train/train_001969.png
aya,./data/train/train_001970.png
victorie,./data/train/train_001971.png
blandenet,./data/train/train_001972.png
stanislas,./data/train/train_001973.png
charlyne,./data/train/train_001974.png
six,./data/train/train_001975.png
pernot,./data/train/train_001976.png
kchouk plicmon,./data/train/train_001977.png
berenice,./data/train/train_001978.png
balande petit,./data/train/train_001979.png
amico,./data/train/train_001980.png
trzupek,./data/train/train_001981.png
bouchillou,./data/train/train_001982.png
elbaz,./data/train/train_001983.png
arthapignet,./data/train/train_001984.png
daroussi,./data/train/train_001985.png
lobin,./data/train/train_001986.png
lardellier,./data/train/train_001987.png
licois,./data/train/train_001988.png
mathilda,./data/train/train_001989.png
taupin,./data/train/train_001990.png
dieudonne,./data/train/train_001991.png
saint pe,./data/train/train_001992.png
doat,./data/train/train_001993.png
bazile,./data/train/train_001994.png
le vigouroux,./data/train/train_001995.png
leven,./data/train/train_001996.png
saldana,./data/train/train_001997.png
clotilde,./data/train/train_001998.png
lenne,./data/train/train_001999.png
labardin,./data/train/train_002000.png
